id,이름,나이,성별,생년월일
54d3f03f-ffb9-4b58-9716-07bd3b36a4cc,유다온,99,여성,1970-03-15
43068530-547d-4df9-aa18-7e7ace57fd62,설동원,30,여성,1976-10-17
7e447511-aeef-4bd0-87f6-6d8fe983ac7e,서유준,59,여성,2013-01-06
83597262-cf28-4212-a4cf-d72aba768393,음서후,27,남성,2013-10-13
a314e364-b6d6-48c5-abbf-d183b9540765,제갈규빈,8,남성,1966-11-14
f78764ed-a527-446e-9651-a1200655ccce,황보재인,23,여성,1973-08-21
55ae0948-9ea4-43f6-8d0a-b5b23317a2a4,동재환,29,여성,1981-01-11
c1cddd8a-4215-4bdf-b659-13bb7d0ababf,맹해솔,68,남성,1964-12-26
28401594-2d0d-450e-82ae-d5168d20f913,음은혁,87,여성,1997-08-01
4e7c09a4-134f-4671-8467-3e80a9194b77,오경훈,80,남성,1987-06-16
523586bd-08c8-4d43-88e5-f01c0b605698,진정우,41,여성,2013-05-27
1fdbcfc3-2af2-436d-9d4f-bb417c371b4d,마우재,61,여성,1993-07-19
4341e79d-dde2-4693-94e8-541e1b3ae77b,채준성,98,여성,1988-07-12
76629c56-a506-42a6-87f6-0d1bcdf4173f,정재훈,26,남성,1979-01-09
048837ea-cb09-4f0d-9f9a-ede1b306ab70,경찬우,91,여성,2016-05-04
149f7fb7-cb6f-4e12-a237-caca57104bdd,봉민기,17,남성,1951-05-11
c15236a6-681f-443b-8a89-9c3f2a72fb92,임유겸,8,여성,1997-06-14
3bf6d57a-f0ce-49f9-afba-c3baefd1c327,남궁재욱,5,남성,1979-08-08
80637db8-794b-4a66-8bee-5dd631d8dad0,방승찬,79,남성,2015-08-13
b17f11c7-0830-4017-9522-c91b6658ec6f,빈근우,10,여성,1962-05-21
